Food,,,
Cows' milk,,,
Milk skim,,,
Buttermilk,,,
"Evaporated, undiluted",,,
Fortified milk,,,
Powdered milk,,,
"skim, instant",,,
"skim, non-instant",,,
Goats' milk,,,
(1/2 cup ice cream),,,
Cocoa,,,
skim. milk,,,
(cornstarch),,,
Custard,,,
Ice cream,,,
Ice milk,,,
Cream or half-and-half,,,
or whipping,,,
Cheese,,,
uncreamed,,,
Cheddar,,,
"Cheddar, grated cup",,,
Cream cheese,,,
Processed cheese,,,
Roquefort type,,,
Swiss,,,
Eggs raw,,,
Eggs Scrambled or fried,,,
Yolks,,,
Butter,,,
Butter,,,
Butter,,,
Hydrogenated cooking fat,,,
Lard,,,
Margarine,,,
"Margarine, 2 pat or",,,
Mayonnaise,,,
Corn oil,,,
Olive oil,,,
Safflower seed oil,,,
French dressing,,,
Thousand Island sauce,,,
Salt pork,,,
Bacon,,,
Beef,,,
Hamburger,,,
Ground lean,,,
Roast beef,,,
Steak,,,
"Steak, lean, as round",,,
Corned beef,,,
Corned beef hash canned,,,
Corned beef hash Dried,,,
Pot-pie,,,
Corned beef hash Stew,,,
chicken,,,
"Fried, breast or leg and thigh chicken",,,
Roasted chicken,,,
"Chicken livers, fried",,,
"Duck, domestic",,,
"Lamb, chop, broiled",,,
Leg roasted,,,
"Shoulder, braised",,,
"Pork, chop, 1 thick",,,
Ham pan-broiled,,,
"Ham, as ",,,
"Ham, canned, spiced",,,
Pork roast,,,
Pork sausage,,,
Turkey,,,
Veal,,,
Roast,,,
Clams,,,
Cod,,,
Crab meat,,,
Fish sticks fried,,,
Flounder,,,
Haddock,,,
Halibut,,,
Herring,,,
Lobster,,,
Mackerel,,,
Oysters,,,
Oyster stew,,,
Salmon,,,
Sardines,,,
Scallops,,,
Shad,,,
Shrimp,,,
Swordfish,,,
Tuna,,,
Artichoke,,,
Asparagus,,,
Beans,,,
Lima,,,
"Lima, dry, cooked",,,
"Navy, baked with pork",,,
Red kidney,,,
Bean sprouts,,,
Beet greens,,,
Beetroots,,,
Broccoli,,,
Brussels sprouts,,,
Sauerkraut,,,
Steamed cabbage,,,
Carrots,,,
"Raw, grated",,,
"Strips, from raw",,,
Cauliflower,,,
Celery,,,
Stalk raw,,,
Chard steamed,,,
Collards,,,
Corn,,,
cooked or canned,,,
Cucumbers,,,
Dandelion greens,,,
Eggplant,,,
Endive,,,
Kale,,,
Kohlrabi,,,
"Lambs quarters, steamed",,,
Lentils,,,
Lettuce,,,
Iceberg,,,
Mushrooms canned,,,
Mustard greens,,,
Okra,,,
Onions,,,
"Raw, green",,,
Parsley,,,
Parsnips,,,
Peas,,,
"Fresh, steamed peas",,,
Frozen peas,,,
Split cooked peas,,,
heated peas,,,
Peppers canned,,,
"Peppers Raw, green, sweet",,,
Peppers with beef and crumbs,,,
"Potatoes, baked",,,
French-fried,,,
Potatoes Mashed with milk and butter,,,
"Potatoes, pan-tried",,,
Scalloped with cheese potatoes,,,
Steamed potatoes before peeling,,,
Potato chips,,,
Radishes,,,
Rutabagas,,,
Soybeans,,,
Spinach,,,
Squash,,,
"Winter, mashed",,,
Sweet potatoes,,,
Candied,,,
Tomatoes,,,
"Raw, 2 by 2 1/2",,,
Tomato juice,,,
Tomato catsup,,,
Turnip greens,,,
"Turnips, steamed",,,
"Watercress stems, raw",,,
Apple juice canned,,,
Apple vinegar,,,
"Apples, raw",,,
Stewed or canned,,,
Apricots,,,
"Dried, uncooked",,,
Fresh,,,
"Nectar, or juice",,,
Avocado,,,
Banana,,,
Blackberries,,,
Blueberries,,,
Cantaloupe,,,
Cherries,,,
"Fresh, raw",,,
Cranberry sauce sweetened,,,
Dates,,,
Figs,,,
"Fresh, raw figs",,,
figs Canned with syrup ,,,
"Fruit cocktail, canned",,,
Grapefruit sections,,,
"Grapefruit, fresh, 5"" diameter",,,
Grapefruit juice,,,
Grapes,,,
"European, as Muscat, Tokay",,,
Grape juice,,,
Lemon juice,,,
Lemonade concentratefrozen,,,
Limeade concentrate frozen,,,
Olives large,,,
OlivesRipe,,,
"Oranges 3"" diameter",,,
Orange juice,,,
Frozen ,,,
Papaya,,,
Peaches,,,
"Fresh, raw",,,
Pears,,,
"Raw, 3 by 2V",,,
Persimmons,,,
Pineapple,,,
Pineapple Crushed,,,
"Raw, diced",,,
Pineapple juice,,,
Plums,,,
"Raw, 2"" diameter",,,
Prunes,,,
Prune juice,,,
Raisins,,,
Raspberries,,,
"Raw, red",,,
Rhubarb sweetened,,,
Strawberries,,,
Raw,,,
Tangerines,,,
Watermelon,,,
Biscuits,,,
Bran flakes,,,
"Bread, cracked wheat",,,
Rye,,,
"White, 20 slices, or",,,
Whole-wheat,,,
Whole-wheat,,,
Corn bread ground meal,,,
Cornflakes,,,
Corn grits cooked,,,
Corn meal,,,
Crackers,,,
"Soda, 2 1/2 square",,,
Farina,,,
Flour,,,
Wheat (all purpose),,,
Wheat (whole),,,
Macaroni,,,
Baked with cheese,,,
Muffins,,,
Noodles,,,
Oatmeal,,,
"Pancakes 4"" diam.",,,
"Wheat, pancakes 4"" diam.",,,
"Pizza 14"" diam.",,,
Popcorn salted,,,
Puffed rice,,,
Puffed wheat presweetened,,,
Rice,,,
Converted,,,
White,,,
Rice flakes,,,
Rice polish,,,
Rolls,,,
of refined flour,,,
whole-wheat,,,
Spaghetti with meat sauce,,,
with tomatoes and cheese,,,
Spanish rice,,,
Shredded wheat biscuit,,,
Waffles,,,
Wheat germ,,,
Wheat-germ cereal toasted,,,
Wheat meal cereal unrefined,,,
"Wheat, cooked",,,
Bean soups,,,
Beef soup,,,
Bouillon,,,
chicken soup,,,
Clam chowder,,,
Cream soups,,,
Noodle,,,
Split-pea soup,,,
Tomato soup,,,
Vegetable,,,
Apple betty,,,
Bread pudding,,,
Cakes,,,
Chocolate fudge,,,
Cupcake,,,
Fruit cake,,,
Gingerbread,,,
"Plain, with no icing",,,
Sponge cake,,,
Candy,,,
Chocolate creams,,,
Fudge,,,
Hard candies,,,
Marshmallows,,,
Milk chocolate,,,
Chocolate syrup,,,
Doughnuts,,,
"Gelatin, made with water",,,
Honey,,,
Ice cream,,,
Ices,,,
preserves,,,
Jellies,,,
Molasses,,,
Cane Syrup,,,
"9"" diam. pie",,,
Cherry Pie,,,
Custard,,,
Lemon meringue,,,
Mince,,,
Pumpkin Pie,,,
Puddings Sugar,,,
3 teaspoons sugar,,,
"Brown, firm-packed, dark sugar",,,
Syrup,,,
table blends sugar,,,
Tapioca cream pudding,,,
Almonds,,,
roasted and salted,,,
Brazil nuts,,,
Cashews,,,
coconut sweetened,,,
Peanut butter,,,
"Peanut butter, natural",,,
Peanuts,,,
Pecans,,,
Sesame seeds,,,
Sunflower seeds,,,
Walnuts,,,
Beer,,,
Gin,,,
Wines,,,
Table (12.2% alcohol),,,
Carbonated drinks Artificially sweetened,,,
Club soda,,,
Cola drinks,,,
Fruit-flavored soda,,,
Ginger ale,,,
Root beer,,,
Coffee,,,
Tea,,,
